monthyr,name,session,users,pageviews,streaming event
April2014,WBUR,2623411,1882959,4090053,3.81E-07
April2014,minnesota public radio,2429176,1252794,4227087,0
April2014,KQED,2057228,1423761,3352694,9.72E-07
April2014,Southern California Public Radio,1586927,1224712,2194394,0
April2014,WHYY,652799,432475,942373,0.000914523
April2014,KPBS,545196,395232,960722,0
April2014,Oregon Public Broadcasting,530989,351898,1047103,0
April2014,Public Media for North Texas,495298,340128,895876,0.007615617
April2014,WAMU 88.5,494032,237833,890438,0
April2014,KEXP,382917,199028,820247,3.92E-05
April2014,Georgia Public Broadcasting,347195,251696,756583,0.000547243
April2014,WXPN,284842,209960,665513,5.62E-05
April2014,Michigan Radio,270595,183340,451796,0.209830189
April2014,WFUV,239530,91237,512007,0
April2014,Vermont Public Radio,237816,126067,471222,0.085027921
April2014,Colorado Public Radio,222909,98393,291893,2.24E-05
April2014,KUOW,222625,141022,434291,0.21358338
April2014,KUT,211544,146502,363938,0.160661612
April2014,ideastream,191443,109754,305023,0
April2014,Capital Public Radio,180584,113161,325779,0
April2014,Louisville Public Media,164474,104356,292814,0.115811618
April2014,KPLU,161392,108119,306398,0.114875582
April2014,St. Louis Public Radio,154405,108048,278485,0.089874033
April2014,North Carolina Public Radio - WUNC,153810,106330,274942,0.226948833
April2014,Houston Public Media,145838,86064,271775,0.200805003
April2014,KUSC,139024,54676,235180,0
April2014,WGBH,134293,106932,234082,0.086854862
April2014,NHPR,132141,90319,270355,0.184068533
April2014,WAMC Northeast Public Radio,123030,77824,250091,0.276664228
April2014,WBGO,113974,46857,293298,0
April2014,KCUR,113200,74015,208895,0.152650177
April2014,WKSU,111833,65904,201489,0
April2014,WABE,110908,73885,216985,0.207938111
April2014,WLRN,110781,79689,214756,0.197416524
April2014,NET Radio,105197,76340,188641,0.001055163
April2014,Maine Public Broadcasting Network (MPBN),97497,53652,188337,3.08E-05
April2014,Nashville Public Radio,95652,60933,169837,0
April2014,Capital Community Broadcasting,93523,66319,149656,0
April2014,WFAE,91979,65776,169060,0.206047032
April2014,WNPR,85027,60761,178365,0.165065215
April2014,KUNC,84923,58687,158871,0.18768767
April2014,WUWM 89.7 FM - Milwaukee Public Radio,82030,57070,165655,0.159880532
April2014,witf,75809,53722,151369,2.64E-05
April2014,KUAZ-AM/FM,74650,46643,165481,0.084447421
April2014,KSTX,71436,44854,128773,0.241474887
April2014,WESA,70102,47369,125863,0.180865025
April2014,WXXI Public Broadcasting,70067,49633,112104,0.083634236
April2014,Iowa Public Radio,67442,35288,131640,0.309970048
April2014,WRTI,67125,31440,175217,0.436886406
April2014,KUER,65133,35655,126706,0.33830777
April2014,Boise State Public Radio,63442,48055,118023,0.127943634
April2014,WYPR -Your Public Radio,60993,37080,115533,0.229272212
April2014,Cincinnati Public Radio,57816,41794,99309,0.127784696
April2014,89.9 WWNO,57137,36315,119062,0.298318078
April2014,WUSF Public Media,56760,40547,111203,0.015081043
April2014,Rhode Island Public Radio,55941,32603,107123,0.113297939
April2014,KALW,55393,37869,116756,0.239687325
April2014,WRVO Public Media,52598,30606,93628,0.246035971
April2014,Illinois Public Media,51546,22229,100309,0
April2014,Nevada Public Radio,51497,32012,104535,0.000310698
April2014,Wyoming Public Media,51012,34216,101101,0.194562064
April2014,West Virginia Public Broadcasting,50954,34941,101410,0.097166071
April2014,WUFT-FM,49774,36335,78134,0
April2014,WFYI,49717,27503,111267,0
April2014,KWSU,49236,31014,102807,0.272057031
April2014,Jefferson Public Radio,46577,21334,105438,0.237177148
April2014,MTPR,45072,24711,101150,0.295660277
April2014,WHRV FM,43962,19593,78270,0
April2014,WQED Multimedia,41876,26798,109215,0
April2014,WNCW,39806,17421,91600,0.308697181
April2014,WKAR,37463,22978,72942,0.118383472
April2014,WJCT,37320,30267,65551,0.091452304
April2014,Interlochen Public Radio,36902,27188,63002,0.157904721
April2014,WYSO,35692,26699,65247,0.198896111
April2014,WDAV Classical Public Radio,33940,17252,63450,0
April2014,WGCU,33718,21615,64084,0.125511596
April2014,WBHM 90.3 Birmingham,33428,32028,45092,0
April2014,South Dakota Public Broadcasting,33217,23313,113760,0.069000813
April2014,New England Public Radio,32979,19202,59829,0
April2014,WVTF & RADIO IQ,30986,18416,60654,0.174820887
April2014,South Carolina ETV Radio,30111,22667,32998,0.0022251
April2014,KWGS,29135,19575,59143,0.259893599
April2014,WSHU,28290,15922,57215,0.407847296
April2014,WFSU,27176,20565,49836,0.111937003
April2014,KMUW,27099,16319,57936,0.153658807
April2014,KLCC,27059,14720,56959,0.326545696
April2014,Ozarks Public Radio,26794,20521,44949,0
April2014,KUNM,26618,16368,59701,0.231422346
April2014,KBIA,25915,19124,52641,0.142002701
April2014,WNKU,25484,13252,54356,0.453578716
April2014,northern public radio,24983,14819,48784,0.315454509
April2014,KGOU,24967,17943,52628,0.167420996
April2014,WKMS,24598,17548,53005,0.087893325
April2014,WBFO,24414,20491,42983,0.064020644
April2014,KNAU,24345,16644,42448,0.270527829
April2014,WFDD,22825,14198,49620,0.32109529
April2014,WCLK,22706,12479,51590,0.477186647
April2014,WMFE,22632,14133,36459,0
April2014,WPSU,22574,16148,51104,0.004518473
April2014,KUVO,22469,10772,57331,0.440785082
April2014,Utah Public Radio,22247,18219,38178,0.1131838
April2014,88.9 KETR,21739,17299,38196,0.05170431
April2014,WCBE,21541,15164,45315,0.162063043
April2014,KCBX,20636,13379,43613,0.227272727
April2014,WUIS,20167,14021,39680,0.162741112
April2014,WBAA,20105,15817,32473,0.149067396
April2014,WSKG Public Media,20064,12094,43202,0
April2014,KVPR,19858,14327,36216,0.190804713
April2014,KRCC,18986,9503,39340,0.25197514
April2014,KUAR,17600,11608,36004,0.234772727
April2014,WEMU 89.1,17548,11953,34122,0.229427855
April2014,KRWG,17280,11770,34249,0.088136574
April2014,WUKY,17023,10943,33760,0.232273982
April2014,KDLG,16918,8545,42192,0.159120463
April2014,KOSU,16023,7866,32729,0.031454784
April2014,WCQS,15231,6804,30763,0.53364848
April2014,WGTE Public Media,14870,9445,40915,0
April2014,WGLT,14743,6864,31376,0
April2014,KIOS,14646,7705,33113,0.446947972
April2014,WUWF,14615,9707,31555,0.239001026
April2014,KANW,14469,8282,29004,0.415647246
April2014,Alabama Public Radio,14431,10852,28539,0.191047051
April2014,WHQR,14261,9420,32458,0.212467569
April2014,NPRStations,14127,3738,445110,7.08E-05
April2014,WUOT,14076,6936,31935,0.382423984
April2014,WKU Public Radio,13418,10109,25531,0.136011328
April2014,KAZU,13093,6923,26654,0.183685939
April2014,WRKF,12709,7305,28062,0.354394524
April2014,WMUK,12376,9191,25860,0.178409825
April2014,WEKU,12240,7968,21087,0.227941176
April2014,WCBU peoria public radio,12129,9123,22690,0.085580015
April2014,WKNO,12054,7685,21510,0.343786295
April2014,WMRA,12036,6285,22627,0.372465936
April2014,KRVS,11882,7285,27325,0.447988554
April2014,White Pine Community Broadcasting,11470,8464,23797,0.137489102
April2014,88.1 WVPE,10881,3827,15778,0
April2014,NIPR Northeast Indiana Public Radio,10189,6642,19745,0.254490136
April2014,Tri States Public Radio,9937,7261,22571,0.09852068
April2014,WTEB,9829,7160,17505,0.211008241
April2014,Digital Services,9733,6883,16889,0.009041406
April2014,KAJX,9670,6692,17743,0.213650465
April2014,KUAF 91.3 FM Fayetteville,9485,6024,17428,0
April2014,Hawaii Public Radio,9227,7045,18988,0.229977241
April2014,WMHT,9151,7450,16196,0.001966998
April2014,KUSP,9125,5077,14525,0.000109589
April2014,KPCW 91.9FM,9051,5162,26879,0.360512651
April2014,WUCF-FM,8790,6963,12170,0
April2014,Red River Radio KDAQ,8514,5430,18121,0.307141179
April2014,KVNF,8122,5050,19034,0.277025363
April2014,NPR Berlin,7947,5904,14271,0.192651315
April2014,WAER Syracuse Public Media,7731,5405,17020,0.234639762
April2014,High Plains Public Radio,7591,4791,17325,0.232380451
April2014,KSUT Four Corners,7564,3539,14355,0.454389212
April2014,WNMU,7503,4582,18784,0.139544182
April2014,Delmarva Public Radio,7490,5369,15951,0.167690254
April2014,WUTC,7324,4748,15232,0.341889678
April2014,KRCU,7062,5579,13796,0.107051827
April2014,KTEP,6971,5036,15114,0.224788409
April2014,Mississippi Public Broadcasting,6865,5384,13291,0
April2014,WDIY,6332,4339,15424,0.231838282
April2014,WSIU Public Braodcasting,6305,5014,12101,0.061221253
April2014,KUNR Reno Public Radio,5992,3717,9614,0
April2014,WFIT,5918,3680,12974,0.348935451
April2014,KENW,5853,4942,12876,0.005296429
April2014,KSFR,5549,3638,12870,0.274103442
April2014,WMOT,5512,4764,11519,0.071298984
April2014,WQCS FM,5274,2678,10635,0.458096322
April2014,WYSU,5149,2718,10746,0
April2014,PECONIC PUBLIC BROADCASTING,4900,3201,12526,0.400408163
April2014,KBBI,4852,3265,8643,0
April2014,KTTZ,4798,3095,12752,0.067736557
April2014,KRCB,4494,3591,9582,0.15576324
April2014,WMKY,4475,3565,9200,0.21698324
April2014,WMNF Tampa,4354,2625,5715,0
April2014,KNBA/KBC,4230,2601,10220,0.343498818
April2014,WVAS,3888,3116,7071,0.192386831
April2014,KACU,3400,2552,5642,0.247941176
April2014,WTMD,3212,2650,4765,0
April2014,KAWC,3004,2152,6288,0.28229028
April2014,KASU,2898,2044,5775,0.29779158
April2014,KUAC,2745,2070,5772,0.136976321
April2014,North Country Public Radio,2738,2017,6509,0
April2014,KSJD,2682,1651,6657,0.212155108
April2014,WESM,2417,1561,5001,0.278444353
April2014,Test Station,2306,1198,6273,0.291847355
April2014,KCCU,1868,1301,4040,0.209850107
April2014,KWIT,1765,1215,3871,0.29121813
April2014,KCND,1623,1202,2828,0.088724584
April2014,WCSU,1412,886,4879,0.220963173
April2014,WPRL,1398,1102,2957,0.233190272
April2014,PRNDI - NON STATION,1312,895,3950,0.000762195
April2014,WAPS,933,895,1299,0
April2014,WNIN,878,721,1790,0.142369021
April2014,89.9 WWNO,742,549,3826,0.008086253
April2014,KAMU,699,545,1668,0.150214592
April2014,WJSU,665,549,1930,0.14887218
April2014,WNTI,454,386,896,0
April2014,WYEP,437,382,820,0
April2014,WDET,357,315,739,0.005602241
April2014,WGVU,266,223,461,0
April2014,KDFC,111,96,192,0
April2014,Interlochen Public Radio,57,7,391,0.526315789
April2014,WICN,54,45,84,0
April2014,WOUB,36,34,79,0
April2014,WXYZ,27,25,82,0
April2014,KWBU,7,3,88,0
April2014,88Nine RadioMilwaukee,5,5,5,0
April2014,Wisconsin Public Radio,5,2,45,0
April2014,KMFA,2,2,3,0
April2014,89.9 WWNO,1,1,1,0
April2014,89.9 WWNO,1,1,1,0
April2014,KWMU,1,1,1,0
April2014,WMNR,1,1,3,0